[lrno],[vesselname],[owner],[shipmanager],[operator],[flag],[dwt],[loa],[breadth],[depth],[statdecode]
9042441,CARINA,Icon Eagle Carina Pte Ltd,Icon Eagle Carina Pte Ltd,Icon Eagle Carina Pte Ltd,SIE,95639,246.8000031,42,19.5,Crude Oil Tanker
9042453,CORONA,Icon Eagle Corona Pte Ltd,Icon Eagle Corona Pte Ltd,Icon Eagle Corona Pte Ltd,SIE,95634,246.8000031,42,19.5,Crude Oil Tanker
9085364,DELOS,Delos I Ltd ENE,Aeolos Management SA,Andros Maritime Agencies Ltd,GRC,298816,332,58,31,Crude Oil Tanker
8112201,TAAWON 11,Cooperative des Petroles,Cooperative des Petroles,Cooperative des Petroles,EGY,1085,60.13000107,9.909999847,4.5,Crude Oil Tanker
8112213,TAAWON 12,Cooperative des Petroles,Cooperative des Petroles,Cooperative des Petroles,EGY,1084,60.13000107,9.909999847,4.5,Crude Oil Tanker
9001368,G. GLORY,Global Sea Maritime Corp,Syncro Shipping Co Ltd,Oriental Shipping & Investment,PAN,275914,324,56,29.39999962,Crude Oil Tanker
8209224,ANDER,Marine Tankers Services Ltd,Maritime Management-Miami,Maritime Management-Miami,BZE,730,47.27000046,9,3.349999905,Crude Oil Tanker
8124008,CAS,TRANSPETRO,TRANSPETRO,TRANSPETRO,SKN,91671,243.6999969,41.61000061,19.71999931,Crude Oil Tanker
8609644,JAWA,SCI,SCI,SCI,SIE,94512,237.4450073,38.00600052,20.89999962,Crude Oil Tanker
9001590,AFRICAN GAZELLE,Jacinta Shipping Corp,Jacinta Marine Corp,Jacinta Marine Corp,PAN,68623,226,32.20000076,19.60000038,Crude Oil Tanker
8124022,BROTA,Exim Inc,Exim Inc,Exim Inc,TZZ,91902,243.6999969,41.61000061,19.71999931,Crude Oil Tanker
8202020,GULF TIGER,Gulf Lion Shipping Inc,FAL Shipping Co Ltd,FAL Shipping Co Ltd,LIB,60962,219.9499969,35.20999908,18.21999931,Crude Oil Tanker
8616518,STAR OLBA,SBM Production Contractors Inc,SBM Production Contractors Inc,SBM Production Contractors Inc,CMR,275975,322,56,29.5,Crude Oil Tanker
9001605,ARCTIC,Azucar Enterprises Corp,Sahara Mina LLC,Sahara Mina LLC,TOG,68623,226,32.20000076,19.60000038,Crude Oil Tanker
8303460,COSMIC 3,Bintang Nusantara,Aeromic Shipping S Pte Ltd,Aeromic Shipping S Pte Ltd,IDA,3276,88.31999969,13.39999962,5.449999809,Crude Oil Tanker
8715479,APEX,Ruth Enterprises Inc,Ruth Enterprises Inc,Ruth Enterprises Inc,SKN,87241,233.3000031,42.59999847,19.81999969,Crude Oil Tanker
9002130,MERU,Rptd Sold Undisclosed Interest,Rptd Sold Undisclosed Interest,Rptd Sold Undisclosed Interest,SKN,95618,246.8399963,42,19.5,Crude Oil Tanker
8900385,NAVIGATOR A,Navigator A Marine Ltd,Ancora Investment Trust Inc,Ancora Investment Trust Inc,MTA,94225,233.3000031,42.61999893,19.79999924,Crude Oil Tanker
8900397,AMURA,Rptd Sold Undisclosed Interest,Rptd Sold Undisclosed Interest,Rptd Sold Undisclosed Interest,SKN,94225,233.2799988,42.59999847,19.79999924,Crude Oil Tanker
9002207,OCEAN EMERALD,Xin Chun Shipping Pte Ltd,Daichi Shipmanagement Pte Ltd,Daichi Shipmanagement Pte Ltd,CKI,152680,279.1000061,46.29999924,23.53000069,Crude Oil Tanker
9002611,HOPE,Rptd Sold Undisclosed Interest,Rptd Sold Undisclosed Interest,Rptd Sold Undisclosed Interest,SKN,299700,343.7099915,56.40000153,30.40999985,Crude Oil Tanker
8907333,NEW FORTUNER,New Fortuner Shipping Inc,Associated Maritime Co HK Ltd,Associated Maritime Co HK Ltd,LIB,146591,277,44.40000153,24.10000038,Crude Oil Tanker
8312497,NEW REGENT,Mega Glory Holdings Ltd,Ocean Grow Intl Shipmgmt,Ocean Grow Intl Shipmgmt,PAN,4999,103.5100021,15,7.800000191,Crude Oil Tanker
8915794,NATALY,Murmansk Shipping Co,Murmansk Shipping Co,Murmansk Shipping Co,RUS,143386,274.2999878,43.20000076,23.79999924,Crude Oil Tanker
9002635,PEACE,Iliana Shipping Ltd,Global Marketing Systems JLT,Global Marketing Systems JLT,SKN,299700,343.7099915,56.40000153,30.40999985,Crude Oil Tanker
8915809,DEZ,Autumn Harvest Maritime Co,Autumn Harvest Maritime Co,Autumn Harvest Maritime Co,SKN,143386,274.2999878,43.20000076,23.79999924,Crude Oil Tanker
9004528,ATHENS WARRIOR,Top Victory Shipping Ltd,Polembros Shipping Ltd,Polembros Shipping Ltd,LIB,306430,331.4580078,58,31.40999985,Crude Oil Tanker
8325561,SIL,Liberty Resources Inc,Green Ocean Ship Management,Green Ocean Ship Management,SKN,82424,210.5,48.00999832,18.01000023,Crude Oil Tanker
9004530,SPLENDOR,Rptd Sold Undisclosed Interest,Rptd Sold Undisclosed Interest,Rptd Sold Undisclosed Interest,CMR,306474,331.4500122,58,31.39999962,Crude Oil Tanker
8404329,ANDES III,MARDCOM,MARDCOM,MARDCOM,ECU,3436,91.12000275,13.21000004,6.710000038,Crude Oil Tanker
9005261,TULA,Atlantic Bluewater Services,Sterling Oil Resources Ltd,Sterling Oil Resources Ltd,CMR,284890,322,56,31.39999962,Crude Oil Tanker
8405311,YU JONG 1,Korea Yujong Shipping Co Ltd,Korea Yujong Shipping Co Ltd,Korea Yujong Shipping Co Ltd,KRN,1665,70.30999756,11.02000046,5.110000134,Crude Oil Tanker
9006617,NEW VENTURE,New Dynasty Shipping Inc,Associated Maritime Co HK Ltd,Associated Maritime Co HK Ltd,LIB,291640,328.0450134,57,30.79999924,Crude Oil Tanker
9088938,VIVEKA,Blue Round Shipping Corp,Maritec NV,Maritec NV,PAN,9776,121,18.5,9.199999809,Crude Oil Tanker
9171462,SOL,Camellia Shipping Co Ltd,NITC,NITC,UNK,159758,274,48,23.20000076,Crude Oil Tanker
9172040,SABITI,Lantana Shipping Co Ltd,NITC,NITC,UNK,159681,274,48,23.20000076,Crude Oil Tanker
8917821,JELITA BANGSA,Trada Shipping,Trada Shipping,Trada Shipping,IDA,96687,232.0420074,42,20.29999924,Crude Oil Tanker
8919271,NEW VALOR,New Valor Shipping Inc,Associated Maritime Co HK Ltd,Associated Maritime Co HK Ltd,LIB,284631,328.0450134,57,30.79999924,Crude Oil Tanker
9113977,PROF JOHN EVANS ATTA,TEN Ghana MV25 BV,Modec Offshore Production,Modec Offshore Production,BAH,300955,340,56,31.79999924,Crude Oil Tanker
9008744,AURIGA,Icon Eagle Auriga Pte Ltd,Riya Shipping Corp Pte Ltd,Riya Shipping Corp Pte Ltd,TZZ,102352,241.4250031,42,21,Crude Oil Tanker
9176993,FRONT COMMODORE,Front Commodore GmbH & Co KG,Frontline Management AS,Frontline Ltd,LIB,298620,332.9500122,60,29.54999924,Crude Oil Tanker
9177143,DIAMOND JASMINE,NKD Maritime Ltd,NKD Maritime Ltd,NKD Maritime Ltd,PAN,281050,330,60,28.79999924,Crude Oil Tanker
9018464,GVENOUR,Epic Trading Co,Fides Ship Management LLC,Fides Ship Management LLC,PAN,149686,269,46,23.94400024,Crude Oil Tanker
9011246,CARIBO,Hermis Shipping SA,Sambouk Shipping FZC,Sambouk Shipping FZC,MGL,290927,332.8699951,58,31.5,Crude Oil Tanker
9102277,SAFANIYAH,BAHRI,Mideast Ship Management Ltd,Mideast Ship Management Ltd,BAH,300361,340,56,31.79999924,Crude Oil Tanker
9104885,CHEVAL BLEU,Al Habibah International Co,Red Sea Marine Services,Red Sea Marine Services,DMA,149745,269,46,23.89999962,Crude Oil Tanker
9019834,DA QING 93,China Shipping Tanker Co Ltd,China Shipping Tanker Co Ltd,China Shipping Tanker Co Ltd,CHR,68635,227.3399963,32.20000076,19.60000038,Crude Oil Tanker
9183934,FELICITY,Jupiter Seaways Shipping,Sambouk Shipping FZC,Sambouk Shipping FZC,MGL,299990,330,60,28.89999962,Crude Oil Tanker
9012915,RANI,Rosesea Corp,Maran Tankers Management Inc,Maran Tankers Management Inc,GRC,301686,332.0450134,58,31.45000076,Crude Oil Tanker
9019846,DA QING 94,China Shipping Tanker Co Ltd,China Shipping Tanker Co Ltd,China Shipping Tanker Co Ltd,CHR,68593,227.3399963,32.20000076,19.60000038,Crude Oil Tanker
9107655,ATLANTIC,Monsoon Shipping Ltd,Sambouk Shipping FZC,Sambouk Shipping FZC,MGL,301653,332.0450134,58,31.39999962,Crude Oil Tanker
9196618,OVERSEAS SAKURA,Sakura Transport Corp,Tankers UK Agencies Ltd,Tankers UK Agencies Ltd,MAI,298641,332.9500122,60,29.54999924,Crude Oil Tanker
9197870,SHINYO KANNIKA,Shinyo Kannika Ltd,Univan Ship Management Ltd,Univan Ship Management Ltd,HKG,281395,330,60,28.89999962,Crude Oil Tanker
9013397,DING HE,China Shipping Tanker Co Ltd,Shanghai Yuhai Shipping Co,China Shipping Tanker Co Ltd,CHR,63263,228.5,32.20000076,19,Crude Oil Tanker
9233272,FAMENNE,Euronav NV,Euronav NV,Tankers UK Agencies Ltd,FIS,298412,332.9500122,60,29.54999924,Crude Oil Tanker
9013402,HUAI HE,China Shipping Dev Guangzhou,China Shipping Tanker Co Ltd,China Shipping Tanker Co Ltd,CHR,63263,228.5,32.20000076,19,Crude Oil Tanker
9158147,CAP JEAN,Euronav NV,Euronav NV,Euronav NV,GRC,146643,274.0610046,47.79999924,22.79999924,Crude Oil Tanker
9014418,NEW VICTORY,Rptd Sold China,Rptd Sold China,Rptd Sold China,LIB,291613,328.0450134,57,30.79999924,Crude Oil Tanker
9034547,MAHARSHI PARASHURAM,SCI,SCI,SCI,IND,93322,237.6000061,38,20.89999962,Crude Oil Tanker
9035010,ALTAIR VOYAGER,Dido Steel Corp SA,Dido Steel Corp SA,Dido Steel Corp SA,BAH,135829,258.8999939,48.29999924,25.15500069,Crude Oil Tanker
9014470,NEW VITALITY,Honeyberry Co Inc,Associated Maritime Co HK Ltd,Associated Maritime Co HK Ltd,LIB,284569,330.2579956,56,30.64999962,Crude Oil Tanker
9038737,SPIRIT,Rptd Sold Undisclosed Interest,Rptd Sold Undisclosed Interest,Rptd Sold Undisclosed Interest,CMR,106266,243.8000031,42,20.60000038,Crude Oil Tanker
9153525,DEWI MAESWARA,Mahameru Kencana Abadi,Mahameru Kencana Abadi,PERTAMINA PERSERO PT,IDA,300149,332.9400024,60,29.54999924,Crude Oil Tanker
9015060,ASTON,Marfrandt SA,Innovative Ukraine SC,Innovative Ukraine SC,CMR,94225,233.2599945,42.60499954,19.83499908,Crude Oil Tanker
9153537,VICTORY,Liberty Resources Inc,Liberty Resources Inc,Liberty Resources Inc,SKN,300155,332.9400024,60,29.54999924,Crude Oil Tanker
9039597,MIRE,Eurofinance Services Inc,Eurotankers Inc,Eurotankers Inc,LIB,96347,230.875,42,20.29999924,Crude Oil Tanker
9180217,AURORA,Omni Offshore Term Nong Yao,Omni Offshore Terminals Ops,Omni Offshore Terminals Ops,SNG,104943,243.5559998,42,21.29999924,Crude Oil Tanker
9181649,BW ULAN,Folkway,BW Maritime Pte Ltd,BW Maritime Pte Ltd,PAN,299325,332,58,31,Crude Oil Tanker
9235244,ASTRO CHORUS,Chorus ENE,Maran Tankers Management Inc,Maran Tankers Management Inc,GRC,305704,332,58,31,Crude Oil Tanker
9039638,TITAN TULSHYAN,Astoria International Group,Titan Ocean Pte Ltd,Titan Ocean Pte Ltd,PAN,299718,332,57.20000076,30.39999962,Crude Oil Tanker
9181613,NAVIGA I,Lupter Maritime Inc,Zodiac Maritime Ltd,Zodiac Maritime Ltd,LIB,107181,246.8000031,42,21.33399963,Crude Oil Tanker
9235256,FLANDRE,Euronav NV,Euronav NV,Tankers UK Agencies Ltd,FIS,305688,332,58,31,Crude Oil Tanker
9237785,SHIBLAH,BAHRI,Mideast Ship Management Ltd,BAHRI,LIB,316476,333.0400085,60,30.5,Crude Oil Tanker
9237797,LULU,BAHRI,Mideast Ship Management Ltd,Mideast Ship Management Ltd,LIB,316507,333.0400085,60,30.5,Crude Oil Tanker
9203265,KALYMNOS,Docal Shipping Ltd,Marine Trust Ltd,Marine Trust Ltd,MTA,299089,332,58,31,Crude Oil Tanker
9039999,DA QING 71,China Shipping Tanker Co Ltd,China Shipping Tanker Co Ltd,China Shipping Tanker Co Ltd,CHR,34748,185.5,27.5,15,Crude Oil Tanker
9077850,BICAS,Blue Tanker Shipping SA,Sambouk Shipping FZC,Sambouk Shipping FZC,MGL,298432,332,58,31,Crude Oil Tanker
9040003,DA QING 72,China Shipping Tanker Co Ltd,China Shipping Tanker Co Ltd,China Shipping Tanker Co Ltd,CHR,34748,185.4499969,27.5,15,Crude Oil Tanker
9077862,MAYFAIR,KTL Mayfair Inc,Thome Ship Management Pte Ltd,Confirmation Of Info Awaited,MAI,298405,332,58,31,Crude Oil Tanker
9108702,SUCCESS PIONEER XXXV,Putra Utama Line PT,Putra Utama Line PT,Putra Utama Line PT,IDA,96183,243.276001,41.79999924,20,Crude Oil Tanker
9079078,NAPOLI,NITC,NITC,NITC,MGL,298731,332,58,26.84000015,Crude Oil Tanker
9114593,NORTH,Dromon ENE,Nereus Shipping SA,Nereus Shipping SA,SKN,148561,269,46,23.89999962,Crude Oil Tanker
8719231,OMVATI PREM,Mercator Ltd,Mercator Ltd,Mercator Ltd,IND,90607,247.1999969,41.59999847,17.20000076,Crude Oil Tanker
9218492,DEEP SEA,NITC,NITC,NITC,UNK,299500,333.6700134,58,31,Crude Oil Tanker
8806539,CE-SHILLA,Aurelia Marine Inc,Marine Trust Ltd,Marine Trust Ltd,LIB,106912,244.0800018,42.66999817,21.52000046,Crude Oil Tanker
9203772,SONANGOL KIZOMBA,Sonangol Shipping Kizomba,Stena Bulk LLC,Stena Sonangol Suezmax Pool,BAH,159165,274,48,23.20000076,Crude Oil Tanker
9206310,ARION,Super Marine Ltd,Andriaki Shipping Co Ltd,Andriaki Shipping Co Ltd,GRC,309460,333.2770081,58,31.25,Crude Oil Tanker
9081174,ZOYA 1,Ullib Shipping Inc,Ullib Shipping Inc,Ullib Shipping Inc,PAN,300482,330.2650146,58,31,Crude Oil Tanker
9050278,RUBY,Loadstar Management Inc,Loadstar Management Inc,Loadstar Management Inc,LIB,150173,278.0400085,45,24.29999924,Crude Oil Tanker
9081186,SENORITA,DTA Ship Agency LLC,DTA Ship Agency LLC,DTA Ship Agency LLC,CMR,300549,330.269989,58,31,Crude Oil Tanker
9051351,EAGLE OTOME,Icon Eagle Otome Pte Ltd,Icon Eagle Otome Pte Ltd,Icon Eagle Otome Pte Ltd,SNG,95663,246.8699951,42,19.5,Crude Oil Tanker
9212888,HEDY,NITC,NITC,NITC,UNK,299242,333.1300049,58,31,Crude Oil Tanker
9051363,SUBAM,Icon Eagle Subaru Pte Ltd,AET Inc Ltd,Icon Eagle Subaru Pte Ltd,SNG,95675,246.8699951,42,19.5,Crude Oil Tanker
9058828,KIMA,Paboram Shipping SA,Syncro Shipping Co Ltd,Bong Shin Co Ltd,PAN,95822,241.7799988,42,20.39999962,Crude Oil Tanker
9063093,DA QING 437,Rptd Sold Undisclosed Interest,Rptd Sold Undisclosed Interest,Rptd Sold Undisclosed Interest,CHR,19642,159.2700043,26,12,Crude Oil Tanker
9082300,HEBEI MOUNTAIN,Shenlong Shipping Co Ltd,HOSCO,HOSCO,HKG,307050,328.0400085,57,30.79999924,Crude Oil Tanker
9074561,KITION,Kition Shipping,Polyar Tankers AS,Polyar Tankers AS,BAH,96315,243.2929993,41.79999924,20,Crude Oil Tanker
9230907,TI TOPAZ,Euronav NV,Euronav NV,Tankers UK Agencies Ltd,BLG,319430,332.9899902,60,30.39999962,Crude Oil Tanker
9301421,VICTOR KONETSKY,Vimena Trading Ltd,SCF Unicom Singapore Pte Ltd,Exxon Neftegas Ltd,CYP,101018,246.8800049,42,21.60000038,Crude Oil Tanker
9160190,KYMOLOS,Kimolos Maritime Corp,Aeolos Management SA,Andros Maritime Agencies Ltd,LIB,298324,332,58,31,Crude Oil Tanker
9235737,SKOPELOS,Skopelos Maritime Corp,Aeolos Management SA,Andros Maritime Agencies Ltd,MTA,319360,332.9899902,60,30.39999962,Crude Oil Tanker
9290397,UNITED KALAVRYTA,United Kalavryta Inc,Marine Management Services MC,Marine Management Services MC,MAI,159156,274.4700012,48,23.10000038,Crude Oil Tanker
9239939,SIENA,Siena Navigation Corp,Neda Maritime Agency Co Ltd,Kawasaki Kisen Kaisha Ltd,GRC,105328,248,43,21,Crude Oil Tanker
9294563,TAGA,Blue Tree Maritima SA,NYK Line,NYK Line,PAN,303430,332.980011,60,29.39999962,Crude Oil Tanker
9174218,MARAN GEMINI,Astra Navigation Inc,Maran Tankers Management Inc,Maran Tankers Management Inc,GRC,310139,333,58,31.25,Crude Oil Tanker
9131149,NORDIC HAWK,Nordic American Tankers Ltd,Orion Tankers Ltd,Orion Tankers Ltd,BAH,151475,274.0580139,46,23.60000038,Crude Oil Tanker
9301524,SKS SATILLA,SKS OBO & Tankers AS,KGJ OBO & Tankers Fleet Mgmt,SKS Tankers Holding AS,NIS,158843,274.269989,48.00999832,23.10000038,Crude Oil Tanker
9135286,CHARM,Rptd Sold Undisclosed Interest,Rptd Sold Undisclosed Interest,Rptd Sold Undisclosed Interest,PAN,264992,333,60,28.60000038,Crude Oil Tanker
9162887,AL SHEGAYA,Kuwait Oil Tanker Co SAK,Kuwait Oil Tanker Co SAK,Kuwait Petroleum Corp,KUW,310513,334.5130005,58.04000092,31,Crude Oil Tanker
9302970,SEALOYALTY,Fortune Shipping & Maritime,Thenamaris Ships Management,Thenamaris Ships Management,MTA,106468,243.0700073,42,20.70000076,Crude Oil Tanker
9292163,FRONT FORCE,SFL Force Inc,Frontline Management AS,Frontline Ltd,MAI,305442,330.25,60,29.5,Crude Oil Tanker
9038749,OCEAN ELEGANCE,Monsoon Navigation Corp,Stalwart Management Ltd,Stalwart Management Ltd,PAN,106236,243.8000031,42,20.60000038,Crude Oil Tanker
9292187,SEAKING,Scope Navigation Inc,Thenamaris Ships Management,Thenamaris Ships Management,BAH,318669,333,60,30.39999962,Crude Oil Tanker
9302982,GENER8 HARRIET G,GMR Harriet G LLC,Gener8 Maritime Management,Gener8 Maritime Management,LIB,150205,274.2000122,48,22.39999962,Crude Oil Tanker
9164835,YINSON GENESIS,Yinson Production West Africa,Yinson Production West Africa,Yinson Production West Africa,SNG,309996,333.0710144,58,31.25,Crude Oil Tanker
9302994,GENER8 KARA G,GMR Kara G LLC,Gener8 Maritime Management,Gener8 Maritime Management,LIB,150296,274.2000122,48,22.39999962,Crude Oil Tanker
9165346,TULJA BHAVANI,Atlantic Bluewater Services,Deep Frontline Shippers Ltd,Deep Frontline Shippers Ltd,PAN,299127,332.0499878,58,31,Crude Oil Tanker
9166687,CHAMP,Trinidad Shipping Inc,Trinidad Shipping Inc,Trinidad Shipping Inc,CMR,311286,334.4599915,58,31,Crude Oil Tanker
9296406,ICE TRANSPORTER,Jackson International Ltd,Dynacom Tankers Management Ltd,Dynacom Tankers Management Ltd,LIB,146270,274.2000122,48,22.39999962,Crude Oil Tanker
9171448,MARAN CALLISTO,Callisto ENE,Maran Tankers Management Inc,Maran Tankers Management Inc,GRC,299167,332,58,31,Crude Oil Tanker
9312145,SOUNION,Sounion ENE,Delta Tankers Ltd,Delta Tankers Ltd,GRC,163759,274,50,23.10000038,Crude Oil Tanker
9171450,STARK,Clove Shipping Co Ltd,NITC,NITC,UNK,159681,274,48,23.20000076,Crude Oil Tanker
9194127,MARAN CASTOR,Castor I ENE,Maran Tankers Management Inc,Standard Tankers LLC,GRC,306344,332,58,31,Crude Oil Tanker
9183348,TAKACHIHO II,Seaborn Enterprises SA,NYK Line,NYK Line,PAN,280889,330,60,28.89999962,Crude Oil Tanker
9318149,ORPHEAS,Orpheas Navigation Inc,Liquimar Tankers Management,Liquimar Tankers Management,LIB,167282,274.1799927,50,23.10000038,Crude Oil Tanker
9184392,MARITIME JEWEL,Moray Marine SA,Eastern Pacific Shipping Pte,Eastern Pacific Shipping Pte,LIB,299364,332,58,31,Crude Oil Tanker
9297905,JAG LALIT,Great Eastern Shipping Co Ltd,Great Eastern Shipping Co Ltd,Great Eastern Shipping Co Ltd,IND,158344,274.1900024,48,23.10000038,Crude Oil Tanker
9155808,FRONT BRABANT,Front Brabant Inc,Frontline Management AS,Frontline Ltd,MAI,153152,269.1900024,46,24.39999962,Crude Oil Tanker
9202716,DELTA MILLENNIUM,Aeneas Co Inc,Delta Tankers Ltd,Delta Tankers Ltd,LIB,301930,330.269989,58,31,Crude Oil Tanker
9180114,SONANGOL GIRASSOL,Sonangol Shipping Girassol Ltd,SONANGOL,SONANGOL,BAH,159057,274,48,23.20000076,Crude Oil Tanker
9175078,NEW TRUST,Audley Maritime Corp,New Shipping Ltd-LIB,New Shipping Ltd-LIB,LIB,157327,274,48,23.20000076,Crude Oil Tanker
9175080,TINA,Single Buoy Moorings,SBM Production Contractors Inc,SBM Production Contractors Inc,BAH,309344,334.5400085,58,31,Crude Oil Tanker
9304643,CABO TAMAR,Ultranav Naviera Ltda,Ultranav Naviera Ltda,Ultranav Naviera Ltda,CHL,105778,239,42,21.29999924,Crude Oil Tanker
9203760,SONANGOL LUANDA,Sonangol Shipping Luanda Ltd,SONANGOL,SONANGOL,BAH,159178,274,48,23.20000076,Crude Oil Tanker
9232591,OVERSEAS PEARLMAR,Pearlmar Ltd-MAI,OSG Ship Management GR Ltd,Panamax International LLC,MAI,69697,228,32.20000076,19.79999924,Crude Oil Tanker
9212759,ULTIMATE FREEDOM,Ultimate Freedom Inc,Qaiwan Group,Qaiwan Group,PAN,160383,274,48,23.70000076,Crude Oil Tanker
9362073,HERO,NITC,NITC,NITC,UNK,317355,333,60,30.5,Crude Oil Tanker
9230878,EAGLE VIRGINIA,Icon Eagle Virginia Pte Ltd,AET Shipmanagement Pte Ltd,AET Inc Ltd,SNG,319029,332.9899902,60,30.39999962,Crude Oil Tanker
9362889,PACIFIC VOYAGER,Dynasty Shipping Corp SA,Mitsui OSK Lines Ltd,Mitsui OSK Lines Ltd,IOM,302290,333,60,29,Crude Oil Tanker
9312509,NAVARIN,Euronav Shipping NV,Euronav NV,Tankers UK Agencies Ltd,MAI,307284,332.9089966,58,30.99300003,Crude Oil Tanker
9336426,BERGITTA,Bergshav Shipping AS,Bergshav Management AS,Bergshav Management AS,BAH,105850,240.5,42,21.20000076,Crude Oil Tanker
9336983,GENER8 ST. NIKOLAS,GMR St Nikolas LLC,Gener8 Maritime Management,Gener8 Maritime Management,MAI,149876,274.2000122,48,22.39999962,Crude Oil Tanker
9208057,JAG LAKSHITA,Great Eastern Shipping Co Ltd,Great Eastern Shipping Co Ltd,Great Eastern Shipping Co Ltd,IND,147093,274.2200012,47.79999924,22.79999924,Crude Oil Tanker
9337004,AIAS,Aias Carriers Corp,Capital Ship Management Corp,Repsol YPF,LIB,150393,274.2000122,48,22.39999962,Crude Oil Tanker
9337157,KOKKARI,Karley Finance SA,Samos Steamship Co,Samos Steamship Co,BAH,297538,329.9899902,60,29.70000076,Crude Oil Tanker
9208215,CHRYSSI,Chryssi Maritime Co,Aeolos Management SA,Andros Maritime Agencies Ltd,MTA,298920,333,60,29.29999924,Crude Oil Tanker
9217979,DHT ANN,Ann Tanker Corp,DHT Management AS,DHT Management AS,HKG,309327,334.5899963,58,31,Crude Oil Tanker
9323948,NAUTIC,Euronav Tankers NV,Euronav NV,Euronav NV,MAI,307284,332.9299927,57.99900055,31,Crude Oil Tanker
9337183,COSJADE LAKE,Cosjade Lake Maritime Inc,Dalian Ocean Shipping Co Ltd,Dalian Ocean Shipping Co Ltd,HKG,298216,329.9899902,60,29.70000076,Crude Oil Tanker
9218466,DOVER,NITC,NITC,NITC,UNK,299500,333.5,58,31,Crude Oil Tanker
9516923,GC FUZHOU,Tanker Alexandria Intl Pte Ltd,Heidmar Inc,Seawolf Tankers Inc,SNG,319725,332.9509888,60,30.50499916,Crude Oil Tanker
9237412,JAG LAVANYA,Great Eastern Shipping Co Ltd,Great Eastern Shipping Co Ltd,Sigma Tankers Inc,IND,105051,243.5,42,21.29999924,Crude Oil Tanker
9124861,SHOKO MARU,Shoho Kaiun KK,Shoho Kaiun KK,Shoho Kaiun KK,JPN,2242,81.01999664,11.80000019,5.599999905,Crude Oil Tanker
9389021,MARINA,Introlet Ltd,Dynacom Tankers Management Ltd,Dynacom Tankers Management Ltd,LIB,299999,333,60,30.39999962,Crude Oil Tanker
9516935,SHANGHAI,Tanker Amsterdam Intl Pte Ltd,Heidmar Inc,Seawolf Tankers Inc,SNG,319725,332.980011,60,30.5,Crude Oil Tanker
9395305,DESIMI,Virgil Marine Co,TMS Tankers Ltd,TMS Tankers Ltd,MTA,296865,330,60,29.70000076,Crude Oil Tanker
9386940,HABARI,BAHRI,Mideast Ship Management Ltd,BAHRI,BAH,317664,333.0400085,60,30.39999962,Crude Oil Tanker
9237761,TINAT,BAHRI,Mideast Ship Management Ltd,Mideast Ship Management Ltd,LIB,316501,333,60,30.5,Crude Oil Tanker
9387542,KAOMBO NORTE,Total E&P Angola Block 32,Total SA,Total SA,BAH,315981,333.1300049,60,30.40999985,Crude Oil Tanker
9341079,NS CORONA,Waterways Tankers Inc,SCF Novoship JSC,SCF Novoship JSC,LIB,110066,243.9700012,42,21,Crude Oil Tanker
9395317,SOLANA,Nestor I Maritime Ltd,TMS Tankers Ltd,TMS Tankers Ltd,MTA,296790,330,60,29.70000076,Crude Oil Tanker
9387554,KAOMBO SUL,Total E&P Angola Block 32,Total SA,Total SA,BAH,318000,333.1300049,60,30.40500069,Crude Oil Tanker
9346873,MARE ORIENS,d'Amico Fratelli SpA,d'Amico Fratelli SpA,d'Amico Fratelli SpA,ITL,110295,244.5460052,42,21.51000023,Crude Oil Tanker
9308065,STORVIKEN,Viken Fleet I AS,Viken Shipping AS,Viken Shipping AS,BAH,152013,274.5490112,48,23.60000038,Crude Oil Tanker
9352561,ANDROMEDA,Arbor Trading SA,Minerva Marine Inc,Minerva Marine Inc,MTA,321300,333,60,30.5,Crude Oil Tanker
9410222,ZOUZOU N.,Finaco Trade & Investment SA,Dynacom Tankers Management Ltd,Dynacom Tankers Management Ltd,LIB,149991,274.2000122,50,23.20000076,Crude Oil Tanker
9353802,FRONT EMINENCE,Front Eminence Inc,Frontline Management AS,Frontline Ltd,MAI,321300,333,60,30.5,Crude Oil Tanker
9413004,EAGLE SYDNEY,Eagle Sydney KS,AET Shipmanagement Pte Ltd,AET Inc Ltd,PAN,105419,228.6000061,42,21.5,Crude Oil Tanker
9410973,CENTER,Icon Octavian Center LLC,Eiger Shipping SA,Eiger Shipping SA,MTA,156516,274.5,48,23.70000076,Crude Oil Tanker
9414931,YIANGOS,Unified Investments Inc Ltd,Dynacom Tankers Management Ltd,Dynacom Tankers Management Ltd,MTA,296800,330,60,29.70000076,Crude Oil Tanker
9569657,SEA CLIFF,NITC,NITC,NITC,UNK,317536,333,60,30.5,Crude Oil Tanker
9593012,ISTANBUL,Istanbul Maritime Ltd-MTA,Ciner Ship Management,Koch Shipping Inc,MTA,159500,273.7000122,48,23.29999924,Crude Oil Tanker
9357377,SALINA,NITC,NITC,NITC,UNK,164154,274.2000122,50,23.10000038,Crude Oil Tanker
9357391,HELM,NITC,NITC,NITC,UNK,317356,333,60,30.5,Crude Oil Tanker
9597264,BRITISH VENTURE,AET Inc Ltd,BP Shipping Ltd,BP Shipping Ltd,IOM,320122,333,60,30.5,Crude Oil Tanker
9158874,UNIVERSAL BRAVE,Nereids Owning Co Ltd,Heidmar Inc,Hyundai Merchant Marine Co Ltd,MTA,301242,330.25,58,31,Crude Oil Tanker
9569695,DIONA,NITC,NITC,NITC,UNK,318000,332.9500122,60,30.5,Crude Oil Tanker
9332535,WAFRAH,BAHRI,Mideast Ship Management Ltd,Mideast Ship Management Ltd,BAH,317788,333.0400085,60,30.39999962,Crude Oil Tanker
9336098,LAYLA,BAHRI,Mideast Ship Management Ltd,BAHRI,BAH,317821,333.0400085,60,30.39999962,Crude Oil Tanker
9158898,HYUNDAI SUN,BMF International SA,Hyundai Merchant Marine Co Ltd,Hyundai Merchant Marine Co Ltd,KRS,301178,330.269989,58,31,Crude Oil Tanker
9446374,MARE DORICUM,d'Amico Fratelli SpA,d'Amico Fratelli SpA,Gemini Pool LLC,ITL,158319,274.3900146,48,23.20000076,Crude Oil Tanker
9653434,AL KOUT,Kuwait Oil Tanker Co SAK,Kuwait Oil Tanker Co SAK,Kuwait Petroleum Corp,KUW,317019,333,60,30.5,Crude Oil Tanker
9569700,DERYA,NITC,NITC,NITC,UNK,318000,332.9500122,60,30.5,Crude Oil Tanker
9457543,HOJO,Euronav NV,Euronav NV,Tankers UK Agencies Ltd,BLG,302965,330,60,29.5,Crude Oil Tanker
9569712,DUNE,NITC,NITC,NITC,UNK,318000,332.9500122,60,30.5,Crude Oil Tanker
9345441,AEGEAN NOBILITY,Sea Angel Shipping Inc,Arcadia Shipmanagement Co Ltd,Arcadia Shipmanagement Co Ltd,GRC,115814,248.9600067,43.79999924,21,Crude Oil Tanker
9406659,SESTREA,Amphinome Shipping Inc,Chandris Hellas Inc,Chandris Hellas Inc,LIB,158519,274.4200134,48,23.20000076,Crude Oil Tanker
9389758,XIN TONG YANG,Xin Tong Yang Shipping SA,China International Ship Mgmt,China International Ship Mgmt,HKG,297183,330,60,29.70000076,Crude Oil Tanker
9514561,NAVE BUENA SUERTE,Lefkada Shipping Corp,Navig8 Pte Ltd,Navig8 Pte Ltd,HKG,297491,330,60,29.70000076,Crude Oil Tanker
9516105,EUGENIE,Fontvieille Shipholding Ltd,Euronav NV,Euronav NV,GRC,157672,274.7999878,48,23.20000076,Crude Oil Tanker
9408190,GLORYCROWN,Front Heimdall Inc,Frontline Management AS,North China Shipping Holdings,MAI,156654,274.5,48,23.70000076,Crude Oil Tanker
9516117,DEVON,Moneghetti Shipholding Ltd,Euronav NV,Euronav NV,GRC,159600,274.8129883,48,23.20000076,Crude Oil Tanker
9158903,MILLENNIUM,Oak Shipping Co Ltd,Tsakos Shipping & Trading SA,Tsakos Shipping & Trading SA,PAN,301171,330.25,58,31,Crude Oil Tanker
9400679,OVERSEAS EVEREST,Front President Inc,Tankers UK Agencies Ltd,Tankers UK Agencies Ltd,MAI,296907,329.8999939,60,29.70000076,Crude Oil Tanker
9159828,ETERNAL OIL II,Bahtera Pasific Lines PT,Bahtera Pasific Lines PT,Bahtera Pasific Lines PT,IDA,18220,158,27,11.5,Crude Oil Tanker
9575553,SONANGOL KALANDULA,Sonangol  Kalandula Ltd,ITM Holding,Stena Sonangol Suezmax Pool,BAH,157955,274,48,23.70000076,Crude Oil Tanker
9408205,FRONT NJORD,Front Njord Inc,Frontline Management AS,Frontline Ltd,HKG,156760,274.5,48,23.70000076,Crude Oil Tanker
9334038,YASA GOLDEN BOSPHORUS,Ice Pearl Navigation Corp,Ya-Sa Tanker Isletmeciligi AS,Ya-Sa Tanker Isletmeciligi AS,MAI,115867,248.9279938,43.79999924,21,Crude Oil Tanker
9575565,SONANGOL HUILA,Sonangol Huila Ltd,Stena Bulk LLC,Stena Sonangol Suezmax Pool,BAH,157871,274,48,23.70000076,Crude Oil Tanker
9365764,MANAH,Manah Maritime Trans Co Ltd,Oman Ship Management Co SAOC,Navig8 Pte Ltd,MTA,319993,331.8900146,60,30.5,Crude Oil Tanker
9365776,MAZYONAH,Mazyonah Maritime Trans,Oman Ship Management Co SAOC,Navig8 Pte Ltd,MTA,319901,331.8900146,60,30.5,Crude Oil Tanker
9291286,ATHINA,Fife Ent Ltd,Thenamaris Ships Management,Thenamaris Ships Management,BAH,318658,333.0299988,60,30.39999962,Crude Oil Tanker
9575943,EVGENIA I,Inlet Vista Ltd-MTA,Dynacom Tankers Management Ltd,Dynacom Tankers Management Ltd,MTA,296793,330,60,29.70000076,Crude Oil Tanker
9432050,GIANNIS,Inlet Cliffs Ltd,Dynacom Tankers Management Ltd,Dynacom Tankers Management Ltd,LIB,149999,274.2000122,50,23.20000076,Crude Oil Tanker
9379703,NEW TALISMAN,New Talisman Shipping Co Ltd,Associated Maritime Co HK Ltd,Associated Maritime Co HK Ltd,HKG,296481,330,60,29.70000076,Crude Oil Tanker
9432062,ELENI,Mycenae Shipmanagers Co,Dynacom Tankers Management Ltd,Dynacom Tankers Management Ltd,LIB,149999,274.2000122,50,23.20000076,Crude Oil Tanker
9148635,ASHNA,Ashna GmbH & Co,PetroIneos Trading Ltd,PetroIneos Trading Ltd,MAI,301438,330.269989,58,31,Crude Oil Tanker
9419474,APOLYTARES,Pendea SA,Minerva Marine Inc,Minerva Marine Inc,GRC,316679,336.1700134,60,29.60000038,Crude Oil Tanker
9453315,JOAO CANDIDO,TRANSPETRO,TRANSPETRO,TRANSPETRO,BRZ,157055,274.2000122,48,23.20000076,Crude Oil Tanker
9594731,BRAZOS,DSS A LLC,Diamond S Management LLC,Gemini Pool LLC,MAI,158582,274.3900146,48,23.20000076,Crude Oil Tanker
9593000,ATINA,Atina Maritime Ltd,Ciner Ship Management,Koch Shipping Inc,MTA,159500,273.7000122,48,23.29999924,Crude Oil Tanker
9623269,JUNIN,Junin Shipping Pte Ltd,CV Shipping Pte Ltd,PDVSA,SNG,320899,332,60,30.5,Crude Oil Tanker
9643269,C. SPIRIT,HDGS A Shipholding SA,SK Shipping Co Ltd-KRS,SK Shipping Co Ltd-KRS,PAN,318451,333,60,30.39999962,Crude Oil Tanker
9643271,C. PASSION,HDGS B Shipholding SA,SK Shipping Co Ltd-KRS,SK Shipping Co Ltd-KRS,PAN,313998,333,60,30.39999962,Crude Oil Tanker
9643283,C. FREEDOM,HDGS C Shipholding SA,SK Shipping Co Ltd-KRS,SK Shipping Co Ltd-KRS,PAN,313998,333,60,30.39999962,Crude Oil Tanker
9453822,DRAGAO DO MAR,TRANSPETRO,TRANSPETRO,TRANSPETRO,BRZ,156803,274.2000122,48,23.20000076,Crude Oil Tanker
9653410,AL DERWAZAH,Kuwait Oil Tanker Co SAK,Kuwait Oil Tanker Co SAK,Kuwait Oil Tanker Co SAK,KUW,316884,333,60,30.5,Crude Oil Tanker
9453834,HENRIQUE DIAS,TRANSPETRO,TRANSPETRO,TRANSPETRO,BRZ,156509,274.2999878,48,23.20000076,Crude Oil Tanker
9418614,FRONT BRAGE,Front Brage Inc,Frontline Management AS,Frontline Management AS,MAI,156480,274.5,48,23.70000076,Crude Oil Tanker
9600932,FRONT ULL,Front Ull Inc,Frontline Management AS,Frontline Ltd,MAI,156848,274.5,48,23.20000076,Crude Oil Tanker
9653422,AL YARMOUK,Kuwait Oil Tanker Co SAK,Kuwait Oil Tanker Co SAK,Kuwait Oil Tanker Co SAK,KUW,317033,333,60,30.5,Crude Oil Tanker
9681209,YUAN CHUN HU,Dalian Ocean Shipping Co Ltd,Dalian Ocean Shipping Co Ltd,Dalian Ocean Shipping Co Ltd,CHR,308013,333,60,30,Crude Oil Tanker
9453846,ANDRE REBOUCAS,TRANSPETRO,TRANSPETRO,TRANSPETRO,BRZ,156520,274.2999878,48,23.20000076,Crude Oil Tanker
9501162,DABA,Daba Maritime Transportation,Oman Ship Management Co SAOC,Navig8 Pte Ltd,MAI,316373,333.1400146,60,30.39999962,Crude Oil Tanker
9600944,FRONT IDUN,Front Idun Inc,Frontline Management AS,Frontline Ltd,MAI,156880,274.5,48,23.20000076,Crude Oil Tanker
9681211,YUAN YUE HU,Dalian Huachang Shpg Co Ltd,Dalian Huachang Shpg Co Ltd,Dalian Huachang Shpg Co Ltd,CHR,308079,333,60,30,Crude Oil Tanker
9513115,ARAGONA,Aragona Transportation Corp,Neda Maritime Agency Co Ltd,Neda Maritime Agency Co Ltd,GRC,319319,333,60,30.5,Crude Oil Tanker
9473389,XIN AN YANG,China Shipping Tanker Co Ltd,China Shipping Tanker Co Ltd,China Shipping Tanker Co Ltd,CHR,297491,330,60,29.70000076,Crude Oil Tanker
9385192,PINNACLE SPIRIT,Pinnacle Spirit LLC,Teekay Marine Singapore,PETROBRAS,BAH,160391,274.3900146,48,23.20000076,Crude Oil Tanker
9529499,BORDEIRA,Arabella Owning Co Ltd,TMS Tankers Ltd,TMS Tankers Ltd,MTA,158513,274.3900146,48,23.20000076,Crude Oil Tanker
9357717,DORE,Companion Shipping Co Ltd,NITC,NITC,UNK,317850,333,60,30.5,Crude Oil Tanker
9689988,NEW PROSPERITY,New Prosperity Shipping Co Ltd,Associated Maritime Co HK Ltd,China Merchants Energy Shpg,HKG,318607,333,60,30.60000038,Crude Oil Tanker
9458494,ACHILLEAS,Mount Shipping Co Ltd,Sun Enterprises Ltd-LIB,Sun Enterprises Ltd-LIB,MTA,158370,274,48,23.10000038,Crude Oil Tanker
9575101,SEA SPLENDOR,Sea Splendor Co Ltd,Big Horizon Shipping Agencies,Big Horizon Shipping Agencies,HKG,297123,330,59.98699951,29.70000076,Crude Oil Tanker
9748916,TIANJIN,Tanker Bombay Intl Pte Ltd,Heidmar Inc,Seawolf Tankers Inc,SNG,319896,333,60,30.5,Crude Oil Tanker
9508859,KALLIOPI,Fairtrans Co Inc Ltd-MTA,Dynacom Tankers Management Ltd,Dynacom Tankers Management Ltd,MTA,296659,330,60,29.70000076,Crude Oil Tanker
9486910,BETA,Al Buhaira International Shpg,Venous Ships Mgmt & Ops LLC,Venous Ships Mgmt & Ops LLC,LIB,105319,228.6000061,42,21.5,Crude Oil Tanker
9583732,HERCULES VOYAGER,Rubino Maritime Co,Chevron Shipping Co LLC,Chevron Shipping Co LLC,BAH,319359,333,60,30.5,Crude Oil Tanker
9374399,ANDES IV,MARZAM Cia Ltda,MARDCOM,MARDCOM,ECU,3500,88.09999847,13.5,6.5,Crude Oil Tanker
9508861,ISLAND SPLENDOR,Silver Splendor Co Ltd,Big Horizon Shipping Agencies,Big Horizon Shipping Agencies,HKG,296919,330,60,29.70000076,Crude Oil Tanker
9585871,MONTESPERANZA,Esperanza Naviera SL,Ibaizabal Tankers SL,CSSA Chartering & Shipping,MAR,159179,274.230011,48,23.20000076,Crude Oil Tanker
9585883,MONTESTENA,Naviera Rio Estena SL,Ibaizabal Tankers SL,Stena Sonangol Suezmax Pool,MAR,159179,274.230011,48,23.20000076,Crude Oil Tanker
9590058,BOYACA,Boyaca Shipping Pte Ltd,CV Shipping Pte Ltd,PDVSA,SNG,320840,332,60,30.5,Crude Oil Tanker
9748681,SUNGDONG 2049,Nordic American Tankers Ltd,Nordic American Tankers Ltd,Nordic American Tankers Ltd,LIB,162000,277,48,23.10000038,Crude Oil Tanker
9503574,ARITA,Sorena International Shpg Corp,Apex Maritime Services LLC,Apex Maritime Services LLC,IRN,113000,250,44,21,Crude Oil Tanker
9585895,STENA SUPREME,CM Suez I Ltd,Stena Bulk AB,Stena Sonangol Suezmax Pool,BER,159031,274,48,23.21999931,Crude Oil Tanker
9534858,TRIKWONG VENTURE,Trikwong Maritime Inc,Wah Kwong Ship Management HK,Wah Kwong Ship Management HK,HKG,296722,330,60,29.70000076,Crude Oil Tanker
9493779,SMYRNI,Pisces Finance Ltd,Dynacom Tankers Management Ltd,Dynacom Tankers Management Ltd,LIB,149998,274.5,47.99499893,23.70000076,Crude Oil Tanker
9607423,EPHESOS,Elia Navigation Ltd,Goulandris Maritime Inc,Goulandris Maritime Inc,GRC,164733,274.1799927,50,23.10000038,Crude Oil Tanker
9535785,NEW SPRING,New Spring Shipping Co Ltd,Associated Maritime Co HK Ltd,Associated Maritime Co HK Ltd,HKG,296393,330,60,29.70000076,Crude Oil Tanker
9563237,OVERSEAS KILIMANJARO,Oak Tanker Corp,Tankers UK Agencies Ltd,Tankers UK Agencies Ltd,MAI,296999,330,60,29.68600082,Crude Oil Tanker
9500728,AS SUWAYQ,As Suwayq Maritime Trans,Oman Ship Management Co SAOC,Navig8 Pte Ltd,MAI,319478,333,60,30.5,Crude Oil Tanker
9623685,TEXAS,Chinotrans Shipping Ltd,Dynacom Tankers Management Ltd,Dynacom Tankers Management Ltd,MTA,299999,333.019989,60,30.39999962,Crude Oil Tanker
9426946,PVT MERCURY,Petrovietnam Transportation,Petrovietnam Transportation,Petrovietnam Transportation,VNM,101899,245,43,20,Crude Oil Tanker
9602655,BRIGHTOIL GEM,Brightoil Gem Tanker Ltd,Brightoil Shipping Singapore,Brightoil Shipping Singapore,HKG,319798,333.1400146,60,30.39999962,Crude Oil Tanker
9400980,ORACLE,Masthead Shipping SA,Samos Steamship Co,Samos Steamship Co,BAH,105380,228.6000061,42,21.5,Crude Oil Tanker
9610298,DESH VIBHOR,SCI,SCI,SCI,IND,316635,332.927002,59.94400024,30.49799919,Crude Oil Tanker
9625956,SVET,Caldy Maritime Ltd,SCF Novoship JSC,SCF Novoship JSC,LIB,321039,331.7600098,60,30.5,Crude Oil Tanker
9671424,APOLLO DREAM,Katori Naviera SA,Idemitsu Tanker Co Ltd,Idemitsu Tanker Co Ltd,PAN,312073,339.5,60,28.5,Crude Oil Tanker
9679593,ZOURVA,Anna Shipping SA-MAI,Minerva Marine Inc,Minerva Marine Inc,MTA,318513,333,60,30.5,Crude Oil Tanker
9534846,DALIAN VENTURE,Cavalier Services Inc,Wah Kwong Ship Management HK,Wah Kwong Ship Management HK,HKG,296722,330,60,29.70000076,Crude Oil Tanker
9625968,SCF SHANGHAI,Langford Navigation SA,SCF Novoship JSC,SCF Novoship JSC,LIB,320701,332,60,30.5,Crude Oil Tanker
9407316,FPMC C JADE,FPMC Jade Marine Corp,Formosa Plastics Marine Corp,Formosa Plastics Marine Corp,LIB,301785,333,60,29,Crude Oil Tanker
9245782,COSGLORY LAKE,Cosglory Lake,Dalian Ocean Shipping Co Ltd,Dalian Ocean Shipping Co Ltd,PAN,299145,329.9899902,60,29.70000076,Crude Oil Tanker
9603192,NEW LAUREL,New Laurel Shipping Co Ltd,Associated Maritime Co HK Ltd,Associated Maritime Co HK Ltd,HKG,320805,333,60,30.5,Crude Oil Tanker
9603207,NEW HARMONY,New Harmony Shipping Co Ltd,Associated Maritime Co HK Ltd,Associated Maritime Co HK Ltd,HKG,320391,333,60,30.5,Crude Oil Tanker
9530890,MARIA,Larvotto Shipholding Ltd,Euronav NV,Euronav NV,GRC,159600,274.7770081,48,23.20000076,Crude Oil Tanker
9404833,SUMMIT SPIRIT,Summit Spirit LLC,Teekay Marine Singapore,PETROBRAS,BAH,160451,274.3900146,48,23.20000076,Crude Oil Tanker
9585194,COSGOLD LAKE,Cosgold Lake Maritime Ltd,Dalian Ocean Shipping Co Ltd,Dalian Ocean Shipping Co Ltd,HKG,297163,330,60,29.70000076,Crude Oil Tanker
9246279,GRAND LADY,Babylon Shipping Ltd,Eastern Mediterranean Mtme-LIE,Eastern Mediterranean Mtme-LIE,MTA,299997,333,60,29.5,Crude Oil Tanker
9592214,STENA SUNRISE,Stena Ocean Ltd,Stena Bulk AB,Stena Sonangol Suezmax Pool,BER,159034,274,48,23.20000076,Crude Oil Tanker
9405227,NEW ENTERPRISE,New Enterprise Shipping Co-HKG,Associated Maritime Co HK Ltd,Associated Maritime Co HK Ltd,HKG,310444,333,60,28.79999924,Crude Oil Tanker
9593191,MARAN CLEO,Splendid Marine Corp,Maran Tankers Management Inc,Maran Tankers Management Inc,GRC,319384,333,60,30.5,Crude Oil Tanker
9247182,ABQAIQ,BAHRI,Mideast Ship Management Ltd,Mideast Ship Management Ltd,BAH,302986,333.2770081,58,31.25,Crude Oil Tanker
9593206,LIBRA VOYAGER,Florian Marine Inc,Chevron Shipping Co LLC,Chevron Shipping Co LLC,BAH,319431,333,60,30.5,Crude Oil Tanker
9597006,FLEVES,Agroresort Ltd,Dynacom Tankers Management Ltd,Dynacom Tankers Management Ltd,LIB,149999,274.2000122,48,23.10000038,Crude Oil Tanker
9610250,KONDOR,Kenmore Shipping Inc,Tankers UK Agencies Ltd,Tankers UK Agencies Ltd,HKG,296714,330,60,29.70000076,Crude Oil Tanker
9247390,NEVERLAND,Finaval SpA,Business Combination Co 1 SpA,Business Combination Co 1 SpA,ITL,105411,239,42,21.29999924,Crude Oil Tanker
9247431,ASIAN SPIRIT,Asian Spirit LLC,Teekay Marine Singapore,ConocoPhillips Co,BAH,151693,269.2000122,45.70000076,24.39999962,Crude Oil Tanker
9597252,EAGLE VARNA,AET Inc Ltd,AET Shipmanagement Pte Ltd,AET Inc Ltd,SNG,320299,333,60,30.5,Crude Oil Tanker
9600865,NANTUCKET,Amalthea Owning Co Ltd,TMS Tankers Ltd,TMS Tankers Ltd,MTA,156902,274.5,48,23.20000076,Crude Oil Tanker
9600889,TAMARA,Callisto Owning Co Ltd,TMS Tankers Ltd,TMS Tankers Ltd,MTA,157016,274.5,48,23.20000076,Crude Oil Tanker
9602289,HONG KONG SPIRIT,High-Q Investments Ltd,Wah Kwong Ship Management HK,Wah Kwong Ship Management HK,HKG,318473,333,60,30.5,Crude Oil Tanker
9614048,XIN DAN YANG,Xin Dan Yang Shipping SA,China Shipping Tanker Co Ltd,China Shipping Tanker Co Ltd,HKG,322829,333,60,30.5,Crude Oil Tanker
9602473,LEO VOYAGER,Vergina Oceanway SA,Chevron Transport Corp Ltd,Chevron Transport Corp Ltd,BAH,319450,333,60,30.5,Crude Oil Tanker
9248423,NORDIC APOLLO,Nordic American Tankers Ltd,Orion Tankers Ltd,Orion Tankers Ltd,MAI,159988,274,48,23.20000076,Crude Oil Tanker
9453810,ZUMBI DOS PALMARES,TRANSPETRO,TRANSPETRO,TRANSPETRO,BRZ,157055,274.2000122,48,23.20000076,Crude Oil Tanker
9248473,FRONT SERENADE,Front Serenade Inc,Frontline Management AS,Frontline Ltd,LIB,299152,329.9899902,60,29.70000076,Crude Oil Tanker
9614050,XIN LIAN YANG,Xin Lian Yang Shipping SA,China Shipping Tanker Co Ltd,China Shipping Tanker Co Ltd,HKG,322861,333,60,30.5,Crude Oil Tanker
9248497,FRONT PAGE,Front Saga Inc,Frontline Management AS,Frontline Ltd,LIB,299164,329.9899902,60,29.70000076,Crude Oil Tanker
9484730,NISALAH,BAHRI,Mideast Ship Management Ltd,Mideast Ship Management Ltd,LIB,319287,333,60,30.5,Crude Oil Tanker
9662887,ENEOS SPIRIT,Liberian Jerboa Transports Inc,JX Ocean Co Ltd,JX Ocean Co Ltd,PAN,312247,339.5,60,28.5,Crude Oil Tanker
9271353,OLYMPIC FUTURE,Ingleside ENE,Springfield Shipping Co,Olympic Shipping & Management,GRC,155039,273.9700012,47,23.29999924,Crude Oil Tanker
9663843,KYO-EI,Ocean Link Maritime SA,Kyoei Tanker Co Ltd,Cosmo Oil Co Ltd,PAN,313990,335,60,29,Crude Oil Tanker
9273052,SINGAPORE VOYAGER,MK Centennial Maritime BV,Chevron Shipping Co LLC,Chevron Shipping Co LLC,PAN,105850,241.0299988,42,21.20000076,Crude Oil Tanker
9486908,CITY ELITE,Challenger Maritime Shipping,Venous Ships Mgmt & Ops LLC,Venous Ships Mgmt & Ops LLC,LIB,105304,228.6000061,42,21.5,Crude Oil Tanker
9273337,BUNGA KASTURI,AET Petroleum Tanker,AET Shipmanagement Pte Ltd,AET Inc Ltd,MAL,299999,330,60,29.70000076,Crude Oil Tanker
9683685,VL PRIME,Hi Gold Ocean Kmarin No 11C SA,Hyundai Merchant Marine Co Ltd,Hyundai Glovis Co Ltd,PAN,319547,333.0799866,60,27.79999924,Crude Oil Tanker
9274434,CAP LEON,Euronav NV,Euronav NV,Euronav NV,GRC,159049,274,48,23.20000076,Crude Oil Tanker
9686340,NEW ACHIEVEMENT,New Achievement Shipping Co,Associated Maritime Co HK Ltd,China Merchants Energy Shpg,HKG,318906,332.9500122,60,30.5,Crude Oil Tanker
9274446,CAP PIERRE,Euronav NV,Euronav NV,Euronav NV,GRC,159083,274.2980042,48,23.20000076,Crude Oil Tanker
9686352,NEW COURAGE,New Courage Shipping Co Ltd,Associated Maritime Co HK Ltd,China Merchants Energy Shpg,HKG,318989,332.9500122,60,30.5,Crude Oil Tanker
9689976,NEW DREAM,New Dream Shipping Co Ltd,Associated Maritime Co HK Ltd,China Merchants Energy Shpg,HKG,318570,333,60,30.60000038,Crude Oil Tanker
9280885,ASTRO PHOENIX,Phoenice ENE,Pantheon Tankers Management,Pantheon Tankers Management,GRC,159055,274.0700073,48,23.10000038,Crude Oil Tanker
9693745,MILTIADIS JUNIOR,Miltiadis Junior Carriers Corp,Capital Ship Management Corp,Capital Ship Management Corp,LIB,320926,333,60,30.5,Crude Oil Tanker
9698771,COSFLYING LAKE,Cosflying Lake Maritime Ltd,Dalian Ocean Shipping Co Ltd,Dalian Ocean Shipping Co Ltd,HKG,309436,333,60,30,Crude Oil Tanker
9696773,ALFA BALTICA,Shinobu Shipping,Lundqvist Rederierna AB,Lundqvist Rederierna AB,BAH,106373,228.6000061,42,21.45000076,Crude Oil Tanker
9282053,ESTHER SPIRIT,Esther Spirit LLC,Teekay Marine Singapore,Teekay Shipping Singapore,BAH,115444,249.845993,43.79999924,21.29999924,Crude Oil Tanker
9700691,DELTA MARIA,Delta Maria ENE,Delta Tankers Ltd,Delta Tankers Ltd,GRC,149990,274,48,23.10000038,Crude Oil Tanker
9700706,DELTA EURYDICE,Starlet Maritime Ltd,Delta Tankers Ltd,Delta Tankers Ltd,LIB,149990,274,48,23.10000038,Crude Oil Tanker
9466570,ADVANTAGE START,Advantage Start Shipping LLC,Shell Western Supply & Trading,Shell Western Supply & Trading,MAI,156639,274.5,48,23.70000076,Crude Oil Tanker
9500716,SEEB,Seeb Maritime Transportation,Oman Ship Management Co SAOC,Oman Ship Management Co SAOC,MTA,319439,333,60,30.5,Crude Oil Tanker
9529956,INGRID,Euronav Shipping NV,Euronav NV,Tankers UK Agencies Ltd,BLG,318478,333.1400146,60,30.39999962,Crude Oil Tanker
9537745,SARA,Euronav Tankers NV,Euronav NV,Tankers UK Agencies Ltd,FIS,323183,332,60,30.5,Crude Oil Tanker
9223887,SAFWA,BAHRI,Mideast Ship Management Ltd,Mideast Ship Management Ltd,BAH,303138,333.2770081,58,31.25,Crude Oil Tanker
9258519,BW LION,Macstar,BW Maritime Pte Ltd,BW Maritime Pte Ltd,HKG,298563,332,58,31.20000076,Crude Oil Tanker
9224465,SCF SAYAN,Amber Tankers Inc,SCF Unicom Singapore Pte Ltd,SOVCOMFLOT,LIB,159184,274.480011,48,23.10000038,Crude Oil Tanker
9224805,KOS,Kos Shipping Co,Aeolos Management SA,Andros Maritime Agencies Ltd,MTA,305870,332,58,31,Crude Oil Tanker
9258521,BW LAKE,Impex,BW Maritime Pte Ltd,BW Maritime Pte Ltd,HKG,298564,332,58,31.20000076,Crude Oil Tanker
9191333,CONSTITUTION SPIRIT,1999 Constitution Trust,Teekay Marine Singapore,Teekay Shipping Singapore,MAI,104623,243.8399963,42,21.29999924,Crude Oil Tanker
9229374,SILIA T,Romeo Shipping Co Ltd,Tsakos Columbia Shipmanagement,PETROBRAS,LIB,164286,274.1900024,50,23.10000038,Crude Oil Tanker
9229386,NORDIC PASSAT,Nordic American Tankers Ltd,Orion Tankers Ltd,Orion Tankers Ltd,MAI,164274,274.2000122,50,23.10000038,Crude Oil Tanker
9220952,HARAD,BAHRI,Mideast Ship Management Ltd,Mideast Ship Management Ltd,BAH,303115,333.2770081,58,31.25,Crude Oil Tanker
9220964,MARJAN,BAHRI,Mideast Ship Management Ltd,Mideast Ship Management Ltd,BAH,302977,333.2770081,58,31.25,Crude Oil Tanker
9249324,FRONT SYMPHONY,Front Symphony GmbH & Co,Frontline Management AS,Frontline Ltd,LIB,149995,272,45.59999847,24,Crude Oil Tanker
9258894,BRITISH CURLEW,BP Shipping Ltd,BP Shipping Ltd,BP Shipping Ltd,IOM,114809,251.5599976,43.79999924,21.29999924,Crude Oil Tanker
9259692,BLS ADVANCE,Blue Lines Shipping LLC,Blue Lines Shipping Pte Ltd,Blue Lines Shipping Pte Ltd,LIB,84999,238.9400024,38,20,Crude Oil Tanker
9259707,MARIANNA V. V.,Clement Navigation SA,Avin International SA,Avin International SA,LIB,84999,238.9400024,38,20,Crude Oil Tanker
9250737,AFRICAN SPIRIT,African Spirit LLC,Teekay Marine Singapore,ConocoPhillips Co,BAH,151736,269.2000122,45.70000076,24.39999962,Crude Oil Tanker
9259721,DA MING HU,Dalian Ocean Shipping Co Ltd,Dalian Ocean Shipping Co Ltd,Blue Fin Tankers Inc,CHR,159149,274.7000122,48,24,Crude Oil Tanker
9252333,MARAN CORONA,Corona ENE,Maran Tankers Management Inc,Maran Tankers Management Inc,GRC,306093,332,58,31,Crude Oil Tanker
9253117,NAVE CELESTE,Sikinos Shipping Corp,Univan Ship Management Ltd,Navios Maritime Acquisition,HKG,298717,332,58,31.20000076,Crude Oil Tanker
9253909,ASTRA,Astra mbH & Co,Heidmar Inc,Blue Fin Tankers Inc,MAI,149995,272,45.59999847,24,Crude Oil Tanker
9284946,AUSTRALIS,Australis Shipping Inc,Chandris Hellas Inc,Chandris Hellas Inc,GRC,299095,329.9899902,60,29.70000076,Crude Oil Tanker
9259733,DA YUAN HU,Dalian Ocean Shipping Co Ltd,Dalian Ocean Shipping Co Ltd,Blue Fin Tankers Inc,CHR,159149,274.7000122,48,24,Crude Oil Tanker
9286229,GODAVARI SPIRIT,Godavari Spirit LLC,Teekay Marine Singapore,Gemini Pool LLC,MTA,159106,274.480011,48,23.10000038,Crude Oil Tanker
9522180,DS VENTURE,DS-Rendite-Fonds 66,DS Tankers GmbH & Co KG,DS Tankers GmbH & Co KG,LIB,297345,330,60,29.70000076,Crude Oil Tanker
9288851,HS TOSCA,HS Tosca mbH & Co KG,Hansa Shipping GmbH & Co KG,Sigma Tankers Inc,MTA,115635,249.8650055,43.79999924,21.29999924,Crude Oil Tanker
9288899,TOLEDO SPIRIT,Cepsa Comercial Petroleo SA,Teekay Marine Singapore,Teekay Shipping Ltd,CSR,159342,274,48,23.70000076,Crude Oil Tanker
9259680,BLS ABILITY,Blue Lines Shipping LLC,Blue Lines Shipping Pte Ltd,Blue Lines Shipping Pte Ltd,LIB,84999,238.9400024,38,20,Crude Oil Tanker
9259745,DA LI HU,Dalian Ocean Shipping Co Ltd,Dalian Ocean Shipping Co Ltd,Blue Fin Tankers Inc,CHR,159549,274.7000122,48,24,Crude Oil Tanker
9519717,HANJIN RAS TANURA,Miden Enterprises Inc,Hanjin Shipping Co Ltd,Hanjin Shipping Co Ltd,PAN,317660,333,60,30.39999962,Crude Oil Tanker
9263215,COSGREAT LAKE,Cosgreat Lake Maritime Inc,Dalian Ocean Shipping Co Ltd,Dalian Ocean Shipping Co Ltd,PAN,298833,333,60,29.29999924,Crude Oil Tanker
9263227,COSBRIGHT LAKE,Cosbright Lake Maritime Inc,Dalian Ocean Shipping Co Ltd,Dalian Ocean Shipping Co Ltd,PAN,299079,333,60,29.29999924,Crude Oil Tanker
9264893,TSURUMI,Kei Enterprise Inc,NYK Line,NYK Line,PAN,300610,333,60,29,Crude Oil Tanker
9270529,KRYMSK,Krymsk Shipping Inc,SCF Novoship JSC,SCF Novoship JSC,LIB,115605,250,44,21,Crude Oil Tanker
